thymio,custom
0.0,0.0
0.0,0.0
0.0,0.0
0.0,0.0
0.0,0.0
0.0,0.0
0.0,0.0
0.0,0.0
0.0,0.0
0.0,0.0
0.0,0.0
0.0,0.0
0.0,0.0
0.0,0.0
0.0,0.0
0.0,0.0
0.0,0.0
0.0,0.0
0.0,0.0
0.0,0.0
0.0,0.0
0.0,0.0
2845.756557815999,3889.914873854766
2932.6373207826737,3750.3835950091934
2875.8971222678715,3869.9603065314463
2894.4407174372623,3760.6815694397806
2772.29704015242,3750.770053673874
2790.67056297948,3692.97782685621
2787.8252588387654,3687.481710615758
2721.0244755478834,3655.666163223349
2677.0576802690152,3500.5378268066265
2646.0305133337274,3671.459148559568
2663.368352443845,3606.9723414798837
2568.0095868157928,3588.850936540595
2574.482417564929,3506.6197090787564
2599.69974642823,3525.721733341286
2515.9519570790394,3445.9314331318706
2580.272470905145,3476.3422494906486
2503.5298550480675,3477.7321287133477
2496.0196203501373,3381.5704909112096
2474.4387210850537,3417.5030693326503
2459.7220614343014,3358.2061950370426
2461.0887756454877,3332.8752630254908
2383.13248164926,3319.671200184612
2369.0406936073127,3297.8193258290207
2289.2779136001873,3257.621390573144
2322.525738514722,3257.019190071648
2298.875055368538,3298.209515536771
2276.1818289960515,3228.7855695169487
2226.456546402026,3136.296135003083
2248.2790362826454,3219.3179404643424
2232.918928341228,3159.608791280447
2234.6475322313004,3106.4358264980997
2195.8986276389387,3142.644364441597
2178.3104897852586,3118.651659629997
2195.2084567733395,3086.008582286058
2146.116797705721,3045.3234998932844
2129.7814546997715,2972.6654964384347
2082.847580322537,3008.4316583425034
2086.526332727203,2960.7131044319517
2065.8251708384796,3017.817007840766
2014.6409978892416,2910.0022241306074
1970.3893498567707,2894.4829165327174
1976.315719976646,2889.569732370769
1917.508959396852,2899.3382281518966
1944.6373019508642,2897.8538441671176
1903.7182134853526,2906.506800312055
1910.303750629951,2872.217067170613
1839.1140828660164,2855.7272590696475
1828.6439450666314,2799.2569196835307
1821.8009170167118,2835.6336025833457
1796.1612730962636,2796.1178067534124
1765.5277442683848,2791.8454890490166
1737.4006160837657,2772.660395986754
1668.4114467573756,2728.585046539481
1674.478675383845,2697.489553598497
1643.7807900352577,2694.201460471365
1635.9710998552082,2699.571623498225
1617.510123158256,2690.0971860580858
1604.5073000811358,2678.4849641485093
1588.1933608929937,2679.7895453643673
1538.9590427885616,2582.5372392399804
1547.1834966758736,2534.066931771072
1496.6668426938904,2575.7427138305434
1485.9775710859676,2548.635021524591
1462.6780291039809,2563.3145205975097
1431.2517680059582,2546.517373562254
1402.0068351182258,2553.0198394975414
1366.655099404313,2556.5368283413814
1336.5871296097996,2521.9580394484187
1322.531165160558,2528.0664314894752
1296.2843079922895,2526.334268051714
1279.4749696532042,2490.092511647227
1256.380501101769,2482.765851608226
1208.7293142034466,2429.209690357871
1039.4984146041866,2383.835208042898
796.7370614989429,2455.6042103043587
569.7781602909057,2450.9261021510315
329.5352759913662,2372.0325278345454
90.98357565937984,2374.128278755283
0.0,2357.043835384898
0.0,2327.75591227435
0.0,2351.134110388451
0.0,2347.5994099618947
0.0,2307.652369606456
0.0,2290.2140569929975
0.0,2297.119983942169
0.0,2253.76003918727
0.0,2278.928389388345
0.0,2252.6357329555394
0.0,2220.6008508834157
0.0,2192.5190268861074
0.0,2196.2598687511277
0.0,2202.4670931071296
0.0,2224.809482957899
0.0,2272.5488357917297
0.0,2207.530103703744
0.0,2226.9942548619865
0.0,2226.7740297935925
0.0,2188.5162593148616
0.0,2149.6744762068934
0.0,2139.4915053888985
0.0,2099.478238149765
0.0,2094.553064255931
0.0,2054.462215023432
0.0,2074.39675729546
0.0,2000.178653112001
0.0,2056.9655851778653
0.0,2002.6765569251033
0.0,2007.759417991762
0.0,2012.6630711200974
0.0,1953.0184621616538
0.0,1954.2823784277548
0.0,1945.954304508344
0.0,1930.7259370194938
0.0,1951.7838220284566
0.0,1931.1543296784273
0.0,1915.9579753119297
0.0,1872.6308181076006
0.0,1884.0495198772662
0.0,1868.0288657375177
0.0,1873.2619844471094
0.0,1786.5137521463948
0.0,1855.879296527138
0.0,1811.4281430371047
0.0,1807.2107921348259
0.0,1743.5808621547762
0.0,1731.7738369212827
0.0,1721.7594877014997
0.0,1715.756793115097
0.0,1678.817088174173
0.0,1691.9466098679852
0.0,1659.4587650530689
0.0,1653.6935678294647
0.0,1694.5905150840938
0.0,1643.9431837331617
0.0,1639.658697869756
0.0,1596.9766091967806
0.0,1587.5796973295398
0.0,1599.8070773727643
0.0,1580.8511980724172
0.0,1576.588208233542
0.0,1593.8011227257905
0.0,1508.7106527645317
0.0,1514.462204108855
0.0,1532.325065179947
0.0,1479.8560612501944
0.0,1474.1061049392226
0.0,1469.013554083888
0.0,1447.0510041482537
0.0,1441.9629550116165
0.0,1421.405491511023
0.0,1397.6786614111134
0.0,1387.6713862487125
0.0,1380.4777262358689
0.0,1368.5047888774322
0.0,1342.9280912758759
0.0,1303.1336855904867
0.0,1256.9214684407625
0.0,1282.2008831013864
0.0,1263.1775228541376
0.0,1246.8195389697742
0.0,1226.7337032568378
0.0,1208.789828161029
0.0,1177.4160806489476
0.0,1014.3158906353872
0.0,883.8413975353834
0.0,735.4569671281935
0.0,597.8463092075784
0.0,455.93710518288975
0.0,304.8723310961045
0.0,163.45490928995085
0.0,18.781905919695017
0.0,0.0
0.0,0.0
0.0,0.0
0.0,0.0
0.0,0.0
0.0,0.0
0.0,0.0
0.0,0.0
0.0,0.0
0.0,0.0
0.0,0.0
0.0,0.0
0.0,0.0
0.0,0.0
0.0,0.0
0.0,0.0
0.0,0.0
0.0,0.0
0.0,0.0
0.0,0.0
0.0,0.0
0.0,0.0
0.0,0.0
0.0,0.0
0.0,0.0
0.0,0.0
0.0,0.0
0.0,0.0
0.0,0.0
0.0,0.0
0.0,0.0
0.0,0.0
0.0,0.0
0.0,0.0
0.0,0.0
0.0,0.0
0.0,0.0
0.0,0.0
0.0,0.0
0.0,0.0
0.0,0.0
0.0,0.0
0.0,0.0
0.0,0.0
0.0,0.0
0.0,0.0
0.0,0.0
0.0,0.0
0.0,0.0
0.0,0.0
0.0,0.0
0.0,0.0
0.0,0.0
0.0,0.0
0.0,0.0
0.0,0.0
0.0,0.0
0.0,0.0
0.0,0.0
0.0,0.0
0.0,0.0
0.0,0.0
0.0,0.0
0.0,0.0
0.0,0.0
0.0,0.0
0.0,0.0
0.0,0.0
0.0,0.0
0.0,0.0
0.0,0.0
0.0,0.0
0.0,0.0
0.0,0.0
0.0,0.0
0.0,0.0
0.0,0.0
0.0,0.0
0.0,0.0
0.0,0.0
0.0,0.0
0.0,0.0
0.0,0.0
0.0,0.0
0.0,0.0
0.0,0.0
0.0,0.0
0.0,0.0
0.0,0.0
0.0,0.0
0.0,0.0
0.0,0.0
0.0,0.0
0.0,0.0
0.0,0.0
0.0,0.0
0.0,0.0
0.0,0.0
0.0,0.0
0.0,0.0
0.0,0.0
0.0,0.0
0.0,0.0
0.0,0.0
0.0,0.0
0.0,0.0
0.0,0.0
0.0,0.0
0.0,0.0
0.0,0.0
0.0,0.0
0.0,0.0
0.0,0.0
0.0,0.0
0.0,0.0
0.0,0.0
0.0,0.0
0.0,0.0
0.0,0.0
0.0,0.0
0.0,0.0
0.0,0.0
0.0,0.0
0.0,0.0
0.0,0.0
0.0,0.0
0.0,0.0
0.0,0.0
0.0,0.0
0.0,0.0
0.0,0.0
0.0,0.0
0.0,0.0
0.0,0.0
0.0,0.0
0.0,0.0
0.0,0.0
0.0,0.0
0.0,0.0
0.0,0.0
0.0,0.0
0.0,0.0
0.0,0.0
0.0,0.0
0.0,0.0
0.0,0.0
0.0,0.0
0.0,0.0
0.0,0.0
0.0,0.0
0.0,0.0
0.0,0.0
0.0,0.0
0.0,0.0
0.0,0.0
0.0,0.0
0.0,0.0
0.0,0.0
0.0,0.0
0.0,0.0
0.0,0.0
0.0,0.0
0.0,0.0
0.0,0.0
0.0,0.0
0.0,0.0
0.0,0.0
0.0,0.0
0.0,0.0
0.0,0.0
0.0,0.0
0.0,0.0
0.0,0.0
0.0,0.0
0.0,0.0
0.0,0.0
0.0,0.0
0.0,0.0
0.0,0.0
0.0,0.0
0.0,0.0
0.0,0.0
0.0,0.0
0.0,0.0
0.0,0.0
0.0,0.0
0.0,0.0
0.0,0.0
0.0,0.0
0.0,0.0
0.0,0.0
0.0,0.0
0.0,0.0
0.0,0.0
0.0,0.0
0.0,0.0
0.0,0.0
0.0,0.0
0.0,0.0
0.0,0.0
0.0,0.0
0.0,0.0
0.0,0.0
0.0,0.0
0.0,0.0
0.0,0.0
0.0,0.0
0.0,0.0
0.0,0.0
0.0,0.0
0.0,0.0
0.0,0.0
0.0,0.0
0.0,0.0
0.0,0.0
0.0,0.0
0.0,0.0
0.0,0.0
0.0,0.0
0.0,0.0
0.0,0.0
0.0,0.0
0.0,0.0
0.0,0.0
0.0,0.0
0.0,0.0
0.0,0.0
0.0,0.0
0.0,0.0
0.0,0.0
0.0,0.0
0.0,0.0
0.0,0.0
0.0,0.0
0.0,0.0
0.0,0.0
0.0,0.0
0.0,0.0
0.0,0.0
0.0,0.0
0.0,0.0
0.0,0.0
0.0,0.0
0.0,0.0
0.0,0.0
0.0,0.0
0.0,0.0
0.0,0.0
0.0,0.0
0.0,0.0
0.0,0.0
0.0,0.0
0.0,0.0
0.0,0.0
0.0,0.0
0.0,0.0
0.0,0.0
0.0,0.0
0.0,0.0
0.0,0.0
0.0,0.0
0.0,0.0
0.0,0.0
0.0,0.0
0.0,0.0
0.0,0.0
0.0,0.0
0.0,0.0
0.0,0.0
0.0,0.0
0.0,0.0
0.0,0.0
0.0,0.0
0.0,0.0
2064.885239638625,3016.3364357159367
2042.1427273575182,3018.4700656934815
2031.3387998589128,2961.9945796507377
2056.5157485098944,2936.9193856233005
2028.5273084878977,2952.986386114188
2054.1587861904013,2981.5067788766323
2057.1068809566464,2945.573845993109
2027.8287513850437,2943.633690421987
2080.1075028159507,2995.7441515815553
2061.1482698133227,3005.5676598884997
2043.6295832460423,2971.66544344154
2014.1847921698813,2988.6811949867592
2078.4294305412777,2972.3889056211556
2030.7787898979393,2978.79581007983
2029.6850539028533,2993.7364539895943
2074.2768510215706,2927.9295776555664
2025.4864482897988,2964.187221366528
2012.7244660851836,2971.4394369229794
2043.5916772551009,2990.227731078277
2038.2899675089777,2967.5088049316405
2061.3057329559647,2970.31104261046
2052.1673695117556,2947.890763978711
2059.3174378791923,2876.1865714150263
2010.1716035465315,2979.303415396788
2046.5421746587433,2958.817873386326
2015.9520173468447,2971.77721317129
2038.0158846957818,2939.9386701430517
2026.2367469813478,2961.8511635552786
2056.294327090128,2925.2099331147137
2052.6741550404736,2950.960505333309
2059.87026168424,2934.1744239052214
2091.21608164957,2973.4841179667387
2076.691383987452,2993.808170980783
2021.360987795179,3025.066894324439
2007.8628199356347,2954.201554458256
2045.2233596930366,2918.7203056646626
1988.8520784166049,2903.82943145683
2044.2254172905762,2916.7294155610166
2036.6871282364484,2921.9705794600227
2058.627713467947,2978.961423534497
2030.8212611227173,2992.1513548766243
2055.7779771594483,2984.8596884583376
2078.199590345579,2955.0919006396944
2014.5007395553455,2991.5897270641985
2047.5593389618557,2931.675300353751
2062.026840301378,2969.5811234267826
2047.3091245369283,2970.479783203792
2019.8135147160804,2970.2213918805837
2022.8773656363585,2928.3966871843095
2025.8629494293139,3032.3465018028287
2055.9680321328365,2976.2643139399474
2025.6023803011597,2944.5205215676688
2045.0390779612171,2965.336814308721
2060.660877804727,2999.668320712363
2024.667514093369,2952.906407139394
2040.2205447051795,3014.62327488519
2037.1834033132861,2941.9337987086446
2025.9338170244848,2979.8195966491426
2041.2470398591845,2972.5862462942837
2075.905344264066,2981.433380856323
2071.219291967919,2966.606640000313
2052.0627192826423,2967.5201460494545
2059.4635702292508,2959.376415828219
2055.2681207294063,2969.7921559209117
2054.0608670689367,2947.7471298688115
2005.02480676858,2966.70987543405
2078.592037686982,2959.1993005521417
2024.7820223993085,2866.1727148406367
2065.504547038659,2934.5568534066706
2043.866179491427,2973.4036249393425
2022.2782026873006,2912.055285667867
2031.595385994873,2921.169073198249
2001.2987796672157,2987.0906077328304
2070.252081436488,3001.0245275763677
2036.8935922339338,3000.1758067126907
2024.1827411019651,2919.7030898594257
2022.2416781129034,2949.7364262927404
2041.4193604069405,2965.358101518273
2055.2591400973984,2936.4081046081324
2062.6214064005962,2998.341999589242
2043.5085900624963,2939.5964019582857
2047.7002143933678,2957.046144248408
2019.3038586244172,2929.7131634257757
2022.006303910516,2917.248868021931
2038.2173096572462,2893.2715959457746
2031.5306273992965,2942.3523753436434
2028.5457182967248,2954.654593641418
2032.3304676654736,3008.074890738518
2035.095369662357,3032.0520680435457
2052.2455666444303,2928.819820056994
2055.702920670458,2979.0123324018105
2058.7945610518955,2956.3720151705493
2015.38345567944,2977.7971162878785
2057.6435791945037,3011.353486702716
2032.3453893940202,2975.4316460821265
2057.167569644298,2973.685403860846
2050.7098060040576,2981.7326657473095
2078.8441780803896,2968.390338840302
2005.0256172111756,2954.04313363835
2041.259017752232,2949.3192038697725
2060.783894184582,2969.7435336350104
2088.8564429268154,2937.0534275730206
2057.782868999164,2962.3565128131604
2044.8847889263013,2912.039593820975
2047.268194141762,2948.787629900531
2011.3081070917067,2954.525122000505
2033.6825918662387,3014.926609468324
2057.9650015971856,2953.6589572973
2060.610422622397,2937.3821871005043
2039.4178744124101,2966.2262110686756
2041.121231347844,2944.160857498843
2024.2040795665491,2999.064501700643
2049.2116905126177,2987.0704677460944
2035.5861502119774,2966.197164699523
2053.9810430846333,2957.3179699016796
2051.5637353949473,2992.4044830843422
2030.3748869876028,2951.453307474886
2065.024761496373,2932.4161697490545
2053.933097374851,2980.1356387862274
2073.464029759022,2975.12553735131
2100.4170626173577,2940.394859986426
2078.537429663855,3010.6092772551006
2065.0391151400263,2919.5448335573806
2081.0396732438626,2957.4562012165075
2083.271355809862,2943.263444928319
2019.0698804870945,2910.0617457913017
2084.6984517958367,2975.488174897801
2043.2231757300624,2943.951819172847
2041.7703673133456,2993.2666413054294
2035.287382471645,2995.4657576864643
2067.6296656811714,2963.9033221384934
2022.112642688031,2975.0839087011223
2002.6056140441056,2962.184423447466
2036.1221269306743,2951.910591119853
2065.2228971251525,2942.335563776939
2001.9858840164193,2967.38167675478
2036.6473160623461,2966.5674621385006
2085.2346471509527,2989.2136785146886
2022.1192483770403,2920.0068801689927
2034.0132778830825,2950.408602394513
2032.6990810409404,2935.8693733223145
2054.7449136159735,3018.953813155725
2042.9132325887545,2943.423306815117
2068.278424373478,2955.117476748134
2060.8742787196857,2916.454361555652
2060.989998485393,2918.611917295168
2005.0128340866975,2981.059402224588
2058.3537982134544,2957.92660071231
2018.2597904194215,2935.066112666942
2003.0850637023987,2973.037345136371
2051.3932317186845,2902.174804343647
2059.104180730309,2964.8308941847326
2053.8234862916165,3013.4506281585864
2041.1364108574785,2979.4201373991327
2028.8597185944477,2940.9990084006968
2034.252159098817,2910.521515900143
2049.190690248525,2912.887719453739
2037.85407123188,2987.7555478128284
2012.9832782205974,2967.8067538107653
2045.6242372009121,2961.162336845726
2061.882813010094,2954.7367110135815
2087.6308027576215,3006.0740445062274
2045.4767966147347,3012.869028174445
2057.1274387350677,2974.5200319265205
2037.9026706122595,2937.343976882924
2036.5102405303207,2951.305143257687
2043.5404412066844,2897.786368200295
2039.3545861785606,2979.1668815092844
2024.4716795983031,2917.6717995446447
2043.2622650334088,2962.5937921176132
2038.1572935327115,2943.6228590563965
2091.4696200284397,2887.978749240683
2020.3597069659438,2975.892709123069
2030.102247633794,3007.901202856305
2056.58838869121,3003.6171087504727
2029.8175709979953,2915.6073604723056
2087.6448188187123,2931.398662632774
2079.301914116243,3001.523859471491
2035.1993290074574,2900.4621155118207
2045.5438560155787,2988.4006023302336
2041.3051488098592,3001.23868640774
1996.4237805985663,2970.55569642624
2080.299284346695,3008.9089217111377
2057.934412082754,2971.259913288212
2048.6059554379885,3048.544062814977
2006.7373014120872,2931.986026399875
2038.0075908677652,2965.7765390543937
2059.0047736856995,2971.02653273583
2065.9388539421443,2978.0014371732514
2039.9895052963525,2972.1300850310417
2088.917367526938,2956.04781558761
2041.3764018287698,3018.4767406563838
2012.1345448517945,2981.212483215299
2044.4681364570229,2923.7881996847427
2069.588170296728,2990.9977388617144
2042.7117351806232,3004.769995152826
2024.805275053395,2974.1554770163916
2041.0272515251095,2938.6440193981407
2037.4265167297674,3034.3884441514874
2114.194445867013,2943.191985858195
2023.4014715823741,3035.9799221716185
2030.570893106172,2965.8431251010206
2001.7609844546832,2969.5621511650265
2056.956303111362,2939.840528461249
2047.5065035834282,2983.87912888389
2031.4579594825343,2985.963598500899
2049.7946542814434,3013.6000100491665
2026.0933712583694,2948.2120937761647
2052.863290139765,2957.4604256528214
2043.0459988998616,3023.145370936562
2038.8996169609575,2951.1191941497577
2023.178969675488,3001.2339144557477
2058.4693388268793,2965.637789844695
2064.8109388817415,2919.956539856883
2004.7053443183731,2940.377661193352
2046.0152533082837,3008.200250456302
2038.028423561092,2952.2622047587365
2047.827995681879,2918.613176316973
2023.9090638726072,2928.7705553755036
2008.1710227251224,3008.7127264871074
2032.6377729843007,2914.6606646506584
2020.9924208244063,3006.00993983442
2060.63693120195,2940.1706728365148
2040.0176732380805,2915.2380093052025
2013.1809875188994,3010.725548293801
2040.4381960733074,2954.3637951088194
2057.24256680878,2926.927194618474
2007.5191090121764,2964.0789029523644
2087.161382200884,2981.9995921064547
2032.456429502395,2934.0602692067773
2056.500928919172,2961.161536737613
2049.484093142874,2944.8307650951474
2029.115700076554,2991.0459063680482
2039.4007830561536,2935.4588567923684
2042.0210042447502,2982.3614178092917
2045.9480410581677,2926.890611500588
2081.6748711407968,2964.4211402837345
2063.5157282780096,2926.088446036315
2059.262910808536,2982.20616114729
2043.2615157105065,2979.541617940525
2066.7182650361437,2933.116325091065
2077.7835415396753,2942.3891351697202
2087.950786941807,2958.50725309004
2045.4932185136524,2980.50483006973
2007.0171683297272,2968.7510107439766
2041.339935134048,2968.074714811543
2061.5974620867546,2956.0582340827796
2023.6063714262075,3004.9557412166355
2032.2096303166613,3000.190420864802
2060.2396187185686,2932.8517480814107
2041.0017783613596,2909.2968978590643
2059.782270303679,2993.9024617132577
2002.4120829206183,2961.853479838614
2028.0904330096282,2975.9445586841607
2041.6814140922663,2992.4480793944867
2039.6444586689454,2947.609859586868
2020.244336742934,2906.744950670279
2081.253557043988,2919.56088893956
2025.2519495746228,2963.8893084930514
2033.1041995587614,3013.3680042148285
2007.9163877524452,2997.197598106698
2041.9111860518299,2945.1419185945815
2063.8584682503297,2929.095129479445
2038.6494221571297,2951.851717136373
2023.631083094111,2994.2754807516485
2027.3704227460482,2950.5094676102754
2055.853922928304,2927.972371005605
2029.1946799392151,2966.3316370404473
2086.968126559572,2938.7451886656786
2023.293511088629,2959.593695403089
2043.8246548278505,2951.2488006497424
2042.62849238959,2956.2653141550168
2072.1281538531834,2960.6855244424637
2062.0205760339304,2980.4965000162592
2064.6198068229537,3002.614220837333
2033.9626531773351,2997.6471549531343
2087.098069444267,2994.499507295922
2044.4873491094206,2985.7036563919437
2037.8917776162195,2928.202085387885
2049.404062604453,2989.970120848267
2034.9105640257146,2923.5394377968064
2052.9575679813006,3030.407539600821
2016.286602758614,3006.0286224624806
2028.5116847789297,2943.530712917806
2081.3333387890107,2982.3614865762725
2020.5605519282024,2890.187979621221
2069.817067100503,2949.2374159133374
2044.896509619853,3017.321107562828
2050.015378962559,2929.526431255645
2057.123481610993,2951.6637429244706
2078.3518945675737,2939.5230739383555
2037.4108528562076,2962.8309163708723
2051.40090241104,2956.5451085707546
2008.2613911862047,2955.008762302827
2061.8771013398696,2965.3507961105665
2038.5970975750313,2943.604803020668
2005.3786971301497,2942.889483495947
2035.6044584488784,2965.9050041694704
2031.5868192675418,2957.9076457055507
2015.590725616361,2940.816938926252
2028.0866020818116,2962.4201636671664
2037.1907377031098,2937.135782073202
2046.7676082869461,2990.673449022222
2041.217350238249,2898.3620503165093
2043.383898101916,2972.6927060162157
2012.8856203084324,2978.140367633973
2043.5274154863737,2954.4551028328497
2043.166042581126,2985.437390834036
2033.496709850915,2965.098732564709
2022.2528793088156,2962.404410221962
2028.6247260407151,2953.5907288359945
2033.6802333876406,2948.89116691801
2038.308344918809,2937.2414430604417
2031.0929891367584,2968.327191746516
2057.164502386453,2933.9238055240503
2050.5862619510003,2965.0895024934935
2024.712097651592,2939.824788699137
2062.1362800570078,2960.4714236676336
2060.768074607323,3007.961784951503
2040.1930977523516,2987.3308223475738
2071.838298118117,2989.6944936838195
2046.371990435403,2968.4840118401194
2046.7516364677997,2983.0878764278687
2030.4603380933022,2947.806711132417
2022.650617361841,2931.263538492536
2031.7276953150292,2975.071624733113
2062.3834576352792,2968.0836451781606
2022.6455301039844,3038.101322013748
2030.8475115349777,2908.9987738741816
2029.0388833221352,2977.3845257876455
2037.274267130711,2928.0585331695447
2038.420292475946,2911.2059303907254
2036.5249707879132,2957.698661346995
2056.919328395152,3006.224986425935
2047.7117809215445,2951.8983161436436
2026.9917963000808,2943.2706890789577
2038.559359266823,2975.7884493948613
2034.4317996666168,2946.690221441089
2061.705832711446,2964.4400733980233
2023.813813512737,2994.942791452212
2038.9633151515457,2947.2848719344015
2067.7502129739287,2955.944780084976
2041.5788723461085,2940.3879820975817
2060.2907259422,2982.773802045001
2023.6957085778424,2977.395899812709
2019.6234439754733,2974.763541534822
2031.7219307878397,2956.134994319845
2030.463194901412,3033.597852245364
2036.7610808634427,2979.165918533048
2058.4257289186753,2949.5329831614313
2035.2644669616186,2942.04779176799
2019.7661308007885,2957.232810978285
2011.0428127026692,2994.1509793150576
2061.3541507015793,2950.9796962485398
0.0,0.0
0.0,0.0
0.0,0.0
0.0,0.0
0.0,0.0
0.0,0.0
0.0,0.0
0.0,0.0
0.0,0.0
0.0,0.0
0.0,0.0
0.0,0.0
0.0,0.0
0.0,0.0
0.0,0.0
0.0,0.0
0.0,0.0
0.0,0.0
0.0,0.0
0.0,0.0
0.0,0.0
0.0,0.0
0.0,0.0
0.0,0.0
0.0,0.0
0.0,0.0
0.0,0.0
0.0,0.0
0.0,0.0
0.0,0.0
0.0,0.0
0.0,0.0
0.0,0.0
0.0,0.0
0.0,0.0
0.0,0.0
0.0,0.0
0.0,0.0
0.0,0.0
0.0,0.0
0.0,0.0
0.0,0.0
0.0,0.0
0.0,0.0
0.0,0.0
0.0,0.0
0.0,0.0
0.0,0.0
0.0,0.0
0.0,0.0
0.0,0.0
0.0,0.0
0.0,0.0
0.0,0.0
0.0,0.0
0.0,0.0
0.0,0.0
0.0,0.0
0.0,0.0
0.0,0.0
0.0,0.0
0.0,0.0
0.0,0.0
0.0,0.0
0.0,0.0
0.0,0.0
0.0,0.0
0.0,0.0
0.0,0.0
0.0,0.0
0.0,0.0
0.0,0.0
0.0,0.0
0.0,0.0
0.0,0.0
0.0,0.0
0.0,0.0
0.0,0.0
0.0,0.0
0.0,0.0
0.0,0.0
0.0,0.0
0.0,0.0
0.0,0.0
0.0,0.0
0.0,0.0
0.0,0.0
0.0,0.0
0.0,0.0
2055.6416771685067,2967.1769282227997
2054.8834462882583,2965.301646506502
2046.9121353029564,2973.9113598776407
2018.1194674667217,2970.077536784486
2034.3350238324715,2985.7554179709327
2045.9389024149714,2992.7869426239617
2039.0316612006388,2982.00721275883
2071.912722757284,2931.648929523071
2066.2648742948127,2940.9556726712995
2051.7252841078785,2959.63297991771
2061.734129653466,2967.1338709295915
2050.827711762486,2978.9029465671483
2033.321634216388,2988.3145420818014
2062.583206910192,2957.596170272782
1978.2445028140858,2961.419108267212
2016.0808624003234,3029.93106273131
2027.9980229898224,2933.371163139066
2018.9916827657312,2936.819205666099
2012.7390401384096,2978.474461746378
2062.339601814961,2985.931136327209
2063.625897497363,2965.0021589415524
2011.8997537028945,2963.615287300836
2042.2504660740642,2966.9093131930663
2042.5274048574245,2979.1176406850836
2018.375522826283,2931.066516552652
2051.7217444911535,2979.693144297312
2019.7717833670627,2981.0184881789473
2073.0138444511863,2975.3202679306423
2041.275264307348,2985.1415856012572
2026.338796806659,2964.785000911587
2030.663456430082,2963.7737449966385
2058.723928278403,2920.249462622563
2053.9633269916253,2982.7896333702734
2051.7843148332736,2919.5156014782183
2018.5668107575646,2983.3102754556285
2058.482334542356,2945.9924167752715
2031.6790027343975,2926.8781414424134
2082.39778913891,3007.3246270890827
2052.2690549179238,2969.63283382899
2056.528252175043,2960.156519695652
2030.9753396785654,2965.432272450674
2049.165600922726,3009.555399783351
2049.0631281178034,2984.79191203362
2068.0762460188403,2921.318846051436
2073.235886628486,2973.7366243570673
2027.2921192290203,2992.5446744365195
2021.9881181412045,3017.3327623885098
2063.2579179023023,2940.7228140942825
2033.0609934012584,2939.4938977605007
2015.9470558453115,3004.2706918166136
2052.252544594002,2943.720976769002
2047.6335130372443,2964.2806593144364
2033.4486505426314,2939.669403257457
2034.852117401582,2919.9019912996023
2046.0855891550002,2955.9926038810504
2062.5145554249257,3007.189418056135
2016.853710463436,2951.440289113736
2028.0782249943604,2953.339765009042
2039.1934679010217,2901.576573316403
2030.97270410302,3009.538760426387
2060.67266538812,2936.3019171340184
2049.9936863723938,2994.7315176897564
2056.1838714029273,2988.158927415382
2047.0730178667218,2950.9579419944607
2070.9521129370155,2946.673327337571
2057.795956534528,2978.941524774814
2073.125388662131,2947.31500005905
2028.3185714789051,3001.2351428115785
2058.032028429291,2898.8911175109392
2019.4543889073973,2985.742125171416
2037.9265147744616,2988.1123187637572
2045.9933076189207,2982.3835261870063
2038.7686720637978,2964.5858795918402
2032.5289725060823,2955.788176953854
2061.263753541709,2889.013617099583
2037.9376355753955,2984.159333135892
2079.446193790306,3000.931742538266
2049.3451083166897,2961.658801681304
2027.300537264314,2972.564378884008
2038.8544299743426,2977.2361364589897
2071.1443321588886,2981.9199491358395
2031.6990125358218,2959.9479790404216
2037.0599351330718,2963.4985042719886
2013.9571058117094,2947.781148657294
2024.9437346987406,2946.8130836524033
2068.432214792445,2988.5735269386564
2028.18858487131,2988.413184753044
2026.7379698364243,2963.0605636855953
2042.0511994605893,2940.218351076688
2032.1251335646793,2918.2396996166894
2056.182372653011,2968.782622750555
2028.766499240806,2973.1149196331307
2091.860831313546,2922.936432311654
2051.7138521701454,3003.8265023887056
2039.6291609240986,2973.753825416503
2009.540074366557,3035.512000304005
2069.678688706914,2987.249375058842
2028.5289330399253,2974.761466175954
2023.3528629253665,2941.105967061413
2033.971406157348,2937.9979655804027
2034.8466045418513,2996.498878630978
1990.2784603473008,2984.157116215905
2066.347689387808,2984.6373594055253
2037.4160690369633,2961.160978612444
1989.1983167387261,2958.5921713680045
2047.8412102623786,2959.782070042957
2028.7992995536654,3022.316743622647
2047.9844201329406,2972.523308996343
2051.947510931989,2964.3710331691696
2053.1302827026493,2982.2208033319125
2062.4359177394376,2994.091791303681
2054.92010126748,2911.7501845318516
2035.890535100897,3017.9345173105667
2086.218355402593,2905.1032422365424
2019.7232962953644,2988.3573676308138
2037.4183636747155,2942.706147737121
2033.40318800513,2978.157855198939
2047.5148797868537,2951.289117802485
2053.999501301334,2915.2157632973986
2022.017471777776,2998.8521633707833
2030.9463926541086,2929.6087016429897
2062.2225000213693,2974.5797603103115
2036.9994168241703,2992.0665808894296
2039.4360959371072,2985.74599619177
2056.3854920152257,2971.082366703698
2028.0915690250852,2977.912592382858
2036.7004516015916,2931.7914435368707
2031.9127638833752,2927.488072085742
2022.9592732591057,2952.709776119688
2044.3203870120665,2961.9781658923
2088.651629237871,2918.065041126197
2031.8553185787202,3024.5093782525328
2030.0474464337628,2945.729816530698
2058.7947940655636,2995.926339772934
2042.3427981532177,2974.488150096103
2050.7562804761506,2959.0717297109727
2038.5791314250623,2942.8539812531635
2038.2558935611492,2939.7574060794404
2065.670692355535,2972.356605184934
2029.4375823842818,2970.2420607702848
2046.7605481719393,2979.425586993639
2020.467801969355,3007.30902104
2047.8719987512295,2957.9091911235823
2048.6564995677995,2998.2848379746015
2053.5924165278407,2946.6200028182607
2066.1851595776225,2964.774542333323
2041.4522846785135,3016.399087359375
2057.0221291288644,2976.6767342644357
2039.6600021060929,2990.425466125863
2033.2359849520933,2951.5791264066
2035.9118938324918,2978.4440733484957
2077.228247385405,2971.0569454683523
2034.0518493335644,2969.101172518599
2059.3558206015086,2969.2291499660287
2018.272978443434,2930.930675007884
2077.2137630857155,2982.57945967248
2034.4003510517875,2934.2959098602746
2078.9200408584647,2937.453050765501
2027.2262268503619,2955.7755172495376
2061.0590342169985,3012.2180291165982
2034.946673935226,2990.0159160880044
2081.4433606636194,2973.620045659499
2062.7487827737173,2947.1685005111726
2065.1343850997478,2991.778556599037
2027.9778678925136,2976.4062971472035
2062.3337982960716,2913.590115269355
2059.267221716795,2920.1648961414053
2034.2364485471912,2920.504468815005
2029.378937307894,2932.571732214733
2045.1156842981275,2966.7589210059195
2055.161170982435,2977.686786576164
2030.2638640877585,2976.4192307627663
2033.6824012290447,3000.7513721393284
2044.87737192585,2980.6414808014674
2068.548398367268,2974.973051669258
2074.685857735547,2967.7064516909822
2070.2467951262706,2943.731593029531
2048.129928617945,2953.787966018897
2014.0354613607876,2988.827432273271
2021.985074120433,2970.8387093288843
2051.7820705256827,2935.260012141642
2043.0244406183353,3004.0132941274715
2048.072599144351,2925.4717335539776
2048.444971520327,2912.2356241899283
2057.198097607612,2931.39519994243
2051.19812246659,2987.1068562262194
2006.6963218353312,2928.9516049641516
2060.461072279433,2991.4886457179045
2055.495757363213,2922.001827676091
2057.9149730270587,2955.032137336021
2031.2642670352075,2990.1430329478535
2044.2635155721412,2927.4977568770655
2038.9322518356405,2900.937288578236
2001.5028404250108,2962.2049139054093
2040.1432446550916,2983.849132959189
2036.7021397516346,2965.0112130841158
2042.5313064060556,2997.766836959044
2063.767548149122,2998.754953422746
2034.1974558811125,2994.054800690822
2025.0639301100962,3012.743763628095
2030.738397496455,2971.1902401172442
2063.376147691022,2933.1515190686014
2035.243353548121,2959.785868725522
2057.7229554485143,2970.9189461710644
2023.8042752794859,2967.1897166044755
2024.360721408011,2948.9788584002595
2002.5932148607553,3044.202902425623
2017.3699343370206,2983.036196762256
2037.1785529492267,2953.681077390919
2042.9008681288449,2927.4337951459966
2055.347067770473,2987.349825282078
2070.0184255380395,2904.661279004977
2060.6091597679683,2949.3780088586686
2087.3936096840257,2993.162287709417
2025.5850630351217,2948.2259284120187
2054.3657227485724,2996.0450940779106
2081.6279703113573,2998.0184127502075
2039.7142022670087,2987.4200764319785
2038.5894086047763,2994.805538031948
2025.4259137957943,2973.1155982036917
2045.2525470217563,2928.885957077502
2087.4300820446315,2995.5389620440255
2049.715421821284,2955.818876489784
2022.638022707794,3002.676062323527
2039.1420495690234,2968.303059137151
2044.2034396921488,2923.045574561612
2038.2906525956305,2918.190227540261
2036.1122524982811,2961.444543168102
2075.249555260733,2919.3622541215504
2010.1189669051369,2995.66482746034
2062.7222330909317,2980.330199425421
2051.4615285702444,2944.0191023122934
2014.7260893421944,2954.9019745260016
2080.0864917885337,2949.993550789706
2028.352050366017,2956.0750560933593
2027.2447100930735,2956.8649231780205
2024.8621973952033,2952.8368133039858
2039.6309794207996,2935.9272923705007
1974.2505447767794,2902.6096097657496
2051.550341790298,2979.7351385282623
2077.0051444444034,2951.9220491474084
2043.574233036359,2980.9782030525844
2035.6270973122998,2972.2419540162127
2027.2026618630725,2946.9584749857986
2000.5132655558739,2959.5707140799136
2037.9610453361106,2988.9185393969533
2041.1631844041597,2964.6006141881294
2039.0396819196412,2995.59785642992
2043.9709015784856,2994.567107322944
2070.4875146281843,2953.8406085367296
2016.7800768851682,2980.3443262633764
2013.9724749664956,2962.887058610546
2082.888333707485,2947.5746739949827
2031.4253265429347,2960.48551373884
2033.9435777742178,2982.5462278094715
2056.1211832878685,2990.1860404026884
2017.7381180900584,2958.1152514927276
2002.5282123366694,2979.880182570586
2072.6737706696786,2989.701268948395
2039.7358158440477,2977.662113126715
2051.3101485790544,3002.341171597094
2019.1185634996352,2974.9423946526526
2051.1806821074656,2997.7370742051758
2026.703377169276,2954.5974030222724
2080.8214944955166,3021.0391945366064
2080.4150247194825,2959.6399214399
2065.7895036183368,2919.249412323479
2078.444057942863,2960.0125567462733
2022.824105251835,2970.8241243153443
2023.9230328482413,2968.682713356778
2060.9819634350697,2969.6815278438735
2049.496901841138,2953.7632293317197
2063.228601011458,2917.401516760912
2046.1903179039923,2969.106942799851
2039.5414478614655,2926.8128999868477
2021.1159632209544,2927.7536140066113
2033.949471458271,3000.7177817953416
2054.802851775344,2926.9375298182085
2075.52814716283,2941.179566584812
2012.5665300745213,2938.1324051035276
2076.9232087345977,2919.9156201474893
2031.9791259910087,2955.33580264472
2047.2586564790458,2959.6610796311666
2041.7435042092952,2915.722883717162
2045.9940267482023,2946.724535374705
2045.5939378305716,2956.796644527992
2029.1185077974064,3009.009902790166
2067.256619021501,3016.119160668085
2060.2321699082518,2931.6692186520518
2059.0551894413607,2966.5883359492345
2035.572839614816,2960.8311306138207
2009.3878421540421,2977.9927266597692
2032.8042469536863,2991.452205915391
2053.272555790216,2967.8213154906493
2048.7397856600287,2969.2873151362137
2061.6281225334033,2969.6072148763596
2075.9166598890815,2923.584932329417
2017.2071592435193,2921.8797272748457
2041.285761729274,2971.7328459929245
2058.0803941218915,2986.392705997057
2050.2373538343645,3006.667569086896
2077.936695339519,2929.132201330158
2021.079380969406,2950.6216486857916
2020.458095749846,2965.883899167673
2037.7999346233216,2997.8324984748824
2026.2933310480964,2984.344325952668
2020.9956885276772,2951.71067982649
2060.848797549064,2967.8513749879794
2028.4960014039752,3003.2203789544074
2023.7071228375391,2945.210802901228
2055.79550963608,2986.2878256201698
2043.8540167276212,2970.271568389363
2058.6742856696956,2952.187792719293
2035.7320772873886,2988.6590334746093
2041.677666568446,3035.3836507185124
2036.833579850535,2980.7618338395446
2022.3492180023034,2974.0828691092
2078.698795713407,2937.2808614736805
2106.387015023367,2950.165785618702
2038.5648817064164,2939.09309037764
2045.2056744373772,2946.0273590498728
2049.420864720275,2960.9090264795886
2033.0920796962598,2995.880318351513
2053.3438529686364,2932.9375137697193
2044.1407002629762,3004.5637116767166
2070.514631287936,3021.737160882631
2038.0142635937984,2956.348086213281
2041.2167127507814,2971.116892941581
2000.4474235828054,2983.635978952632
2035.9306575680878,2948.3133061569065
2031.893296734178,2956.725173731691
2024.5178268326142,2951.50059679861
2060.5725081222877,2989.5482450784953
2033.2219126475081,2913.1899725465187
2050.891502748148,2950.619129916606
2033.246522724171,3007.7703278346744
2037.4492574589117,2918.442153081823
2050.7768989399806,2941.2006419074814
2057.952996006041,2958.3415420243864
2060.4030787171396,2916.077927467903
2041.26514617752,2993.627089056488
2051.283155273423,2927.5895602432324
2051.962510631072,2935.679639716207
2015.0241915224162,2975.0979345905766
2040.6985602277796,2960.3796623799094
2055.0745373976933,2918.3590886079414
2051.338305288084,2914.8899049827805
2076.136295560714,2997.182011060311
2051.3579993547382,2951.188272035654
2049.819387181269,2927.8663731328525
2000.9558262699495,2991.468178139664
2019.9599251250388,3002.9799145314278
2027.499361177274,2974.8905569674325
2047.9850529266762,2949.941268462052
0.0,0.0
0.0,0.0
0.0,0.0
0.0,0.0
0.0,0.0
0.0,0.0
0.0,0.0
0.0,0.0
0.0,0.0
0.0,0.0
0.0,0.0
0.0,0.0
0.0,0.0
0.0,0.0
0.0,0.0
0.0,0.0
0.0,0.0
0.0,0.0
0.0,0.0
0.0,0.0
0.0,0.0
0.0,0.0
0.0,0.0
0.0,0.0
0.0,0.0
0.0,0.0
0.0,0.0
0.0,0.0
0.0,0.0
0.0,0.0
0.0,0.0
0.0,0.0
0.0,0.0
0.0,0.0
0.0,0.0
0.0,0.0
0.0,0.0
0.0,0.0
0.0,0.0
0.0,0.0
0.0,0.0
0.0,0.0
0.0,0.0
0.0,0.0
0.0,0.0
0.0,0.0
0.0,0.0
0.0,0.0
0.0,0.0
0.0,0.0
0.0,0.0
0.0,0.0
0.0,0.0
0.0,0.0
0.0,0.0
0.0,0.0
0.0,0.0
0.0,0.0
0.0,0.0
0.0,0.0
0.0,0.0
0.0,0.0
0.0,0.0
0.0,0.0
0.0,0.0
0.0,0.0
0.0,0.0
0.0,0.0
0.0,0.0
0.0,0.0
0.0,0.0
0.0,0.0
0.0,0.0
0.0,0.0
0.0,0.0
0.0,0.0
0.0,0.0
0.0,0.0
0.0,0.0
0.0,0.0
0.0,0.0
0.0,0.0
0.0,0.0
0.0,0.0
0.0,0.0
0.0,0.0
0.0,0.0
0.0,0.0
0.0,0.0
0.0,2927.656484081995
0.0,2971.4285169221534
0.0,3005.1729404554862
0.0,2958.5319082307083
0.0,2960.640466153372
0.0,2968.8363307729182
0.0,2932.501980524964
0.0,2964.9190165978716
0.0,2970.0970240234055
0.0,2982.0577510722383
0.0,2996.3353452883084
0.0,2963.1473397375057
0.0,2925.8893416446276
0.0,2914.9842843963756
0.0,2972.0364546886653
0.0,2998.659213860705
0.0,2980.6247986804333
0.0,3016.462508736396
0.0,2969.5843957209872
0.0,2917.024458131745
0.0,2996.2958965593803
0.0,2974.0816870114622
0.0,2973.416278225583
0.0,2915.563662210533
0.0,2942.5796168641787
0.0,2946.7664309518436
0.0,2990.0354438980653
0.0,2977.7894550530336
0.0,2959.1398713905896
0.0,3011.7032917396164
0.0,2980.6114482221437
0.0,2921.3157090481473
0.0,2976.0900055797715
0.0,2923.905376587225
0.0,2940.37870657897
0.0,2931.2696509654893
0.0,2911.4849486768667
0.0,2975.749553048268
0.0,2974.5567001941577
0.0,2965.920340512085
0.0,3026.199791137171
0.0,2955.3642442480955
0.0,2924.7060514576106
0.0,2957.466242372952
0.0,2946.1330169026924
0.0,2922.6020644333466
0.0,3021.1633362335137
0.0,2946.947681824273
0.0,2938.749142635754
0.0,2933.4510974438276
0.0,2973.2382901075625
0.0,3022.885589911773
0.0,2977.38076010672
0.0,2938.638999022179
0.0,2928.9170750725943
0.0,2962.8125295270647
0.0,2958.2528383528247
0.0,2978.602149206644
0.0,2985.62111093088
0.0,2967.267824911361
0.0,2971.139549153307
0.0,3011.6372695047708
0.0,2981.20357226813
0.0,2974.142488540632
0.0,2948.3873870495377
0.0,2993.058795463378
0.0,2974.1831761225008
0.0,2925.918383496942
0.0,2990.49902965404
0.0,2945.077292218091
0.0,2990.476194371632
0.0,2975.7717273953012
0.0,2964.4931434458904
0.0,3000.065628946846
0.0,2969.82930485445
0.0,3008.8294518408234
0.0,2993.438537199531
0.0,2992.522912725215
0.0,2952.197997232767
0.0,3022.8871196467776
0.0,2948.6791209881717
0.0,2963.216045479711
0.0,2931.071187734022
0.0,2973.460326110954
0.0,2926.061706488378
0.0,2983.7133093255966
0.0,2973.0601153609578
0.0,2957.4193268190274
0.0,2980.080063720183
0.0,2976.9435507909516
0.0,2995.9945820062
0.0,2970.237128852074
0.0,2955.6340202451197
0.0,2953.476783732113
0.0,3019.521628104081
0.0,2972.8689877488546
0.0,2967.560288012953
0.0,2992.1883002812824
0.0,3004.0077995276147
0.0,2938.097329892381
0.0,2994.7292488335347
0.0,2934.714644765009
0.0,2986.1957967296357
0.0,2950.7902295209333
0.0,2996.671241758547
0.0,2982.6384038058713
0.0,2944.0889611041084
0.0,2893.1976946716354
0.0,2979.823413891597
0.0,2979.6034206119857
0.0,3014.66193586965
0.0,2904.932380255961
0.0,2923.016253627257
0.0,2974.32249811673
0.0,2941.1889665720123
0.0,2980.2679686526667
0.0,2936.3039426656364
0.0,2936.040536971952
0.0,2964.0709248416656
0.0,2966.3471228231488
0.0,2955.901631638744
0.0,2962.3765718258874
0.0,2963.8535211546314
0.0,2952.472851476464
0.0,2941.73656090368
0.0,2979.8798500860466
0.0,2961.21159780183
0.0,2934.6998016899915
0.0,2952.099418597641
0.0,2958.8259767358736
0.0,2972.7931881340364
0.0,2938.1189601956567
0.0,3006.7375215117286
0.0,2969.7007648215667
0.0,2932.1180153618084
0.0,2967.516269622754
0.0,2992.21505956641
0.0,2937.5575716285975
0.0,2949.5777219173447
0.0,3003.3162746549733
0.0,2991.145154941531
0.0,2956.706081551757
0.0,2989.4168709521914
0.0,2947.514792041017
0.0,2992.220024432484
0.0,2877.0700375859133
0.0,2907.071489824198
0.0,2992.6826370097297
0.0,3000.1956995257883
0.0,2924.8915718834673
0.0,2915.893147238529
0.0,2991.2508877680953
0.0,2964.258354681393
0.0,2981.3001647708493
0.0,2965.297406665872
0.0,2962.1574221346805
0.0,2977.355495957308
0.0,2954.462533638279
0.0,2928.682309472169
0.0,2968.075890716723
0.0,2982.0214011056846
0.0,2893.917828890576
0.0,2939.7906069283167
0.0,3005.5443673863474
0.0,2928.703185661013
0.0,3035.674711825562
0.0,2931.7826922615855
0.0,2921.922761772512
0.0,2916.7462578436475
0.0,2950.199816908755
0.0,2966.9940437712567
0.0,2940.7078740057295
0.0,3010.575353800046
0.0,2977.378898804838
0.0,2974.4834391303216
0.0,2957.5182568174823
0.0,2950.196002532398
0.0,2956.8836561172343
0.0,2891.4317159499888
0.0,2969.5182702344123
0.0,2903.7477493038514
0.0,3004.5818348977564
0.0,2959.113653518766
0.0,2967.6083370741076
0.0,2920.8238790820114
0.0,2927.941833690456
0.0,3001.7991731300995
0.0,2914.0480273267367
0.0,2938.503980633562
0.0,2969.408487199904
0.0,3055.038520664688
0.0,3016.671188402473
0.0,2985.317355564913
0.0,2989.3798279333014
0.0,2925.8469809074113
0.0,2945.474688252901
0.0,2975.9146085067014
0.0,3013.8042996514014
0.0,2933.1464238677268
0.0,2976.0705725202683
0.0,3001.166290927126
0.0,2961.732454873583
0.0,2977.1060927921235
0.0,2922.690735746141
0.0,3010.1944919808852
0.0,2946.266487023038
0.0,2973.6295145710565
0.0,2949.083162817941
0.0,2982.9064753238486
0.0,2967.3774218009808
0.0,2952.85704083587
0.0,2973.880104523356
0.0,2927.810294275688
0.0,2967.136086885919
0.0,2978.4116369847015
0.0,2960.9879131978205
0.0,2958.5623540129764
0.0,2976.8015598447982
0.0,2906.0381569661195
0.0,2965.060273819908
0.0,2950.8761597275548
0.0,2949.182642884503
0.0,2926.2760026952365
0.0,2947.605429684625
0.0,2966.0507262222923
0.0,3024.2429947099413
0.0,2986.8167249545895
0.0,2933.2201926103157
0.0,2932.2834102012444
0.0,2962.3111773003625
0.0,2952.0415164154165
0.0,2896.350970642668
0.0,2971.37209657728
0.0,2922.8859143166273
0.0,2957.2196763572083
0.0,2986.433693215318
0.0,2995.356695242455
0.0,2934.367728783454
0.0,2986.137677250711
0.0,3006.2183343924207
0.0,2972.531383460126
0.0,2992.4405102684814
0.0,2971.281682136735
0.0,3021.5949994461607
0.0,2939.596818193027
0.0,3002.6643879450335
0.0,2940.209816196356
0.0,2977.7091246642253
0.0,2959.5919809023717
0.0,2997.912972231188
0.0,2961.6535964806103
0.0,2958.270669706012
0.0,3004.1015196752105
0.0,2932.288202737213
0.0,2973.8632223880686
0.0,2962.484718189105
0.0,3002.261418707213
0.0,2979.118520162225
0.0,2898.3733258259435
0.0,2985.5823368262104
0.0,2939.6496887273565
0.0,2948.9494214150627
0.0,2958.1326159007194
0.0,2970.5408405913768
0.0,2921.5071363851907
0.0,2930.81705771992
0.0,2963.569532000765
0.0,2957.941242995575
0.0,2980.81441822633
0.0,3002.2061545055553
0.0,2966.672431050066
0.0,2922.2593362873695
0.0,2949.229400759796
0.0,2938.1379762551196
0.0,2979.8857645324906
0.0,2941.4182013938566
0.0,2980.4176240823385
0.0,2968.4057398780265
0.0,2968.6971983281046
0.0,2958.6155425791353
0.0,2971.5818029201832
0.0,3004.6874473686125
0.0,2947.5867772598895
0.0,2910.170400087366
0.0,2969.426296478289
0.0,2923.494524453335
0.0,3025.294054746056
0.0,2967.608042041011
0.0,2983.917809620621
0.0,2912.5181892540068
0.0,3020.1358141554947
0.0,2947.061861849933
0.0,2996.3958625926416
0.0,2970.1261231848966
0.0,2981.958709204747
0.0,2999.2962286724587
0.0,2972.072089811132
0.0,2938.7410769795183
0.0,2983.1084196918223
0.0,2985.1359514406586
0.0,2910.8274688791057
0.0,3016.9874354896833
0.0,2894.337145660396
0.0,2949.7277190903887
0.0,2948.652572524998
0.0,2996.2901990725363
0.0,2986.484918902317
0.0,2955.762043946171
0.0,2951.922524168101
0.0,2960.1879643717566
0.0,2996.866696696936
0.0,3013.7753449106276
0.0,2961.9284871413356
0.0,2966.1817420010234
0.0,2954.230511324973
0.0,2956.1902696084203
0.0,2997.3546666860398
0.0,2988.071844935411
0.0,2909.438223624719
0.0,2944.11426257187
0.0,2994.4421522546077
0.0,3027.6620383864174
0.0,2958.391248956562
0.0,2939.289242907856
0.0,2948.239854640066
0.0,3000.3084065935323
0.0,2957.2704994414285
0.0,2997.1785754361945
0.0,2954.4794446876826
0.0,2907.9140871497257
0.0,2965.132808229101
0.0,2969.307748281514
0.0,2952.6653736928993
0.0,2981.5648109051353
0.0,2918.9645820244564
0.0,3013.328010933332
0.0,2968.585097057584
0.0,2959.091812492992
0.0,2949.0515275418147
0.0,2969.788115631112
0.0,3018.4126265787436
0.0,2968.7761943609835
0.0,2976.2406478186526
0.0,3005.282055081815
0.0,3008.372675605348
0.0,2994.831055925015
0.0,2931.5047329250297
0.0,2898.6724049766754
0.0,2951.4720993136534
0.0,2987.534488781934
0.0,2997.611334230883
0.0,2944.092602275117
0.0,2980.4891313702037
0.0,2964.3408458347667
0.0,0.0
0.0,0.0
0.0,0.0
0.0,0.0
0.0,0.0
0.0,0.0
0.0,0.0
0.0,0.0
0.0,0.0
0.0,0.0
0.0,0.0
0.0,0.0
0.0,0.0
0.0,0.0
0.0,0.0
0.0,0.0
0.0,0.0
0.0,0.0
0.0,0.0
0.0,0.0
0.0,0.0
0.0,0.0
0.0,0.0
0.0,0.0
0.0,0.0
0.0,0.0
0.0,0.0
0.0,0.0
0.0,0.0
0.0,0.0
0.0,0.0
0.0,0.0
0.0,0.0
0.0,0.0
0.0,0.0
0.0,0.0
0.0,0.0
0.0,0.0
0.0,0.0
0.0,0.0
0.0,0.0
0.0,0.0
0.0,0.0
0.0,0.0
0.0,0.0
0.0,0.0
0.0,0.0
0.0,0.0
0.0,0.0
0.0,0.0
0.0,0.0
0.0,0.0
0.0,0.0
0.0,0.0
0.0,0.0
0.0,0.0
0.0,0.0
0.0,0.0
0.0,0.0
0.0,0.0
0.0,0.0
0.0,0.0
0.0,0.0
0.0,0.0
0.0,0.0
0.0,0.0
0.0,0.0
0.0,0.0
0.0,0.0
0.0,0.0
0.0,0.0
0.0,0.0
0.0,0.0
0.0,0.0
0.0,0.0
0.0,0.0
0.0,0.0
0.0,0.0
0.0,0.0
0.0,0.0
0.0,0.0
0.0,0.0
0.0,0.0
0.0,0.0
0.0,0.0
0.0,0.0
0.0,0.0
0.0,0.0
0.0,0.0
0.0,2984.100069807829
0.0,2947.5108421615178
0.0,2937.549039358798
0.0,2989.102758247675
0.0,2977.277899293125
0.0,2986.4788650949527
0.0,2901.6504770584856
0.0,2969.375330803099
0.0,2953.5086226917824
0.0,2997.814314046766
0.0,2961.9342373295135
0.0,2961.2609558844674
0.0,2974.3149327888664
0.0,2927.727178529668
0.0,2964.154451812021
0.0,2950.1587473481945
0.0,2950.5222306854052
0.0,2962.052359307352
0.0,2993.3679789362104
0.0,2990.3484439567283
0.0,2964.216244926312
0.0,2959.9525867219545
0.0,2920.1130850940785
0.0,2941.3613406252957
0.0,2917.6939330500545
0.0,2939.5646583675525
0.0,2948.704308211606
0.0,2992.352676763157
0.0,3015.051601196789
0.0,2984.6418993011835
0.0,2979.1694053962933
0.0,2941.369286960152
0.0,3036.7299671901237
0.0,2981.285831848555
0.0,2953.0255854848274
0.0,2916.8222169063024
0.0,2979.0554898104265
0.0,2960.6818278101305
0.0,2960.9324744736964
0.0,2904.656665487739
0.0,2973.970514375299
0.0,2928.277204069415
0.0,2966.79070394464
0.0,2956.7204298166635
0.0,2950.0681871017273
0.0,2968.852773994032
0.0,3006.588855746756
0.0,2940.603694072632
0.0,2979.709288958109
0.0,2924.2745359630735
0.0,2936.961170696734
0.0,2970.9036776895027
0.0,2908.6922201170373
0.0,2912.722840717856
0.0,2990.0528450889537
0.0,2969.1469674199616
0.0,2936.5776209879928
0.0,2940.447110112239
0.0,2980.869577170781
0.0,2917.0284790293967
0.0,2984.8340464124576
0.0,2986.067670693281
0.0,3015.6473018673028
0.0,3019.6400099261746
0.0,2996.6552952681463
0.0,2950.3599700275263
0.0,3006.691665819992
0.0,2932.0379244228798
0.0,3008.1834772687157
0.0,2922.989735304508
0.0,2988.1837885784444
0.0,2994.4702410972113
0.0,2928.3499032188683
0.0,2934.0760932590606
0.0,2995.004198327889
0.0,2955.5969244189387
0.0,2904.199947274882
0.0,2955.4955274328504
0.0,2917.8304654979793
0.0,2938.4474949568353
0.0,2969.282310708361
0.0,3010.2250716790604
0.0,2999.60558049163
0.0,2955.398623673054
0.0,2984.6949133667854
0.0,2965.830683511224
0.0,2935.862999555237
0.0,2938.972482034259
0.0,2933.2329609152107
0.0,2932.4186046433992
0.0,2991.356705771424
0.0,2940.230613049052
0.0,2993.1753605575595
0.0,2966.971457471786
0.0,2962.192634045231
0.0,2924.192242893941
0.0,2945.219250153432
0.0,2948.443614125417
0.0,2981.6188575298393
0.0,2993.5188977340536
0.0,2957.067720653343
0.0,2955.7295883306974
0.0,2953.5158369661485
0.0,3034.9286009849625
0.0,2931.1163101339853
0.0,2985.9371854837477
0.0,3013.545825943773
0.0,2936.3547150532545
0.0,2949.4258996831677
0.0,2925.9515296794802
0.0,2987.957162084975
0.0,3025.3456056335604
0.0,2978.5447152692645
0.0,3035.4030154967636
0.0,2961.272224241029
0.0,2946.5775856714627
0.0,2941.6973927020513
0.0,2973.6495799620247
0.0,2949.8707946919008
0.0,3001.84705765624
0.0,2974.1480677767618
0.0,2947.003546714013
0.0,2990.3274506405555
0.0,2976.518110687956
0.0,2944.7746768227394
0.0,2955.9382706964257
0.0,2948.102212273243
0.0,2925.869767535522
0.0,2987.6092067781237
0.0,2997.866232758745
0.0,2990.5752864632773
0.0,2962.2029739071095
0.0,2905.4662521029927
0.0,3003.303820582639
0.0,2962.520429618856
0.0,2983.399198005735
0.0,2929.9446486603383
0.0,2966.106271336163
0.0,2929.612659082724
0.0,2972.05203420914
0.0,2976.0926233558257
0.0,3002.358408592709
0.0,2965.04539426515
0.0,2943.4833607127007
0.0,2935.001438220533
0.0,2952.386794926817
0.0,2950.795784580531
0.0,2930.607065843593
0.0,2941.8547957504425
0.0,2986.019483640262
0.0,2924.7439685630393
0.0,2961.0446134836634
0.0,2953.166450711243
0.0,2943.9500788095797
0.0,2967.91345374928
0.0,2933.599887556419
0.0,2993.2508091404306
0.0,2936.0040848572844
0.0,2972.1727494983293
0.0,2972.90377723227
0.0,2976.0992508843856
0.0,2950.4797594003608
0.0,3025.2549145871385
0.0,2926.2985167554084
0.0,2937.340276464922
0.0,2979.0543868889117
0.0,2993.611955087719
0.0,2932.5845104782734
0.0,2962.087006372566
0.0,2981.6176677103
0.0,2966.7786114396176
0.0,2928.611488173658
0.0,2993.253977133498
0.0,2952.070494395117
0.0,2931.4148769821068
0.0,2939.6074423252894
0.0,2974.7817763968997
0.0,2911.0489679956886
0.0,2955.209477293364
0.0,2955.6100760612744
0.0,2957.0392149607824
0.0,3058.6269241557366
0.0,2955.4239454450926
0.0,2933.337061786365
0.0,2956.6014878393435
0.0,2956.513128682603
0.0,2929.859158898697
0.0,2966.131614678241
0.0,2994.6972949578953
0.0,3019.5429821699595
0.0,2923.2532045186163
0.0,2985.250171072297
0.0,2952.281052738264
0.0,2970.311396026653
0.0,2982.8950577346222
0.0,2983.892718031619
0.0,2957.78917102401
0.0,2968.656109037559
0.0,2942.176290089811
0.0,2964.799638650146
0.0,2946.386729053478
0.0,3004.472042675759
0.0,3028.8755284479503
0.0,2967.081417220911
0.0,2977.564741201919
0.0,3008.0884677621557
0.0,2968.225856120133
0.0,2975.5991416301586
0.0,2944.8158947822344
0.0,2983.5650442870997
0.0,2960.3752840196225
0.0,2939.547611409993
0.0,2976.882635775711
0.0,2963.343196628991
0.0,2951.4661465736717
0.0,2984.387087445971
0.0,2896.6918088713724
0.0,3001.4109612016728
0.0,2953.5012014124154
0.0,2989.2661312055034
0.0,2992.0262903117195
0.0,2950.73823762592
0.0,2918.601674216381
0.0,2986.666629088553
0.0,2912.3947054692953
0.0,2949.4034301061497
0.0,2979.1183676066203
0.0,2965.960327111294
0.0,2967.3584866167716
0.0,2958.103403563746
0.0,2952.3743549721835
0.0,2913.5099987747994
0.0,2935.326641592234
0.0,2926.651985937721
0.0,2955.063124908838
0.0,2990.8483971662067
0.0,3028.931843533058
0.0,3034.18147714509
0.0,3011.3605837507575
0.0,2988.6753991424157
0.0,2957.62963888205
0.0,2970.0173787557196
0.0,2981.675886036184
0.0,2903.866970286367
0.0,2940.6327371767634
0.0,2946.815365190495
0.0,2975.969222636975
0.0,2936.5951415809523
0.0,2951.481081622483
0.0,2946.3304069260475
0.0,2993.8755477364907
0.0,2927.3061869329786
0.0,3021.325000025138
0.0,3021.8302926014585
0.0,2989.1759857964853
0.0,2921.9236879782297
0.0,2966.9172018022946
0.0,2927.1301639872268
0.0,2981.0361966996484
0.0,2963.431678361192
0.0,3017.574883745095
0.0,2995.8689151817575
0.0,2950.3273751957404
0.0,2956.7746601988547
0.0,2950.659250187759
0.0,2959.61403735536
0.0,2969.544474282968
0.0,2921.4522551690443
0.0,2934.929603846065
0.0,2974.9506686756413
0.0,2934.5905652408355
0.0,2971.6204716822303
0.0,2975.5696853194486
0.0,2962.8345571971354
0.0,2994.473970586356
0.0,2981.925573532379
0.0,2987.1619832200945
0.0,2910.853606151985
0.0,2975.607282278994
0.0,2940.994309361242
0.0,3028.457884214302
0.0,2951.3088961945277
0.0,2992.936984244362
0.0,2914.6931879593026
0.0,2974.3099463363737
0.0,2991.742405672882
0.0,2998.28009960131
0.0,2971.9693628169116
0.0,2954.012265118916
0.0,2969.18372678682
0.0,3012.5468005395346
0.0,2927.188481941058
0.0,2961.071069923076
0.0,2919.935699625925
0.0,2932.734991903596
0.0,2916.4220398293464
0.0,2931.741552591092
0.0,3016.672591097209
0.0,2956.4188527130273
0.0,2943.3420745408876
0.0,2944.928902896506
0.0,2958.787994036079
0.0,2984.5936420329563
0.0,2989.197129956224
0.0,2989.0879021491564
0.0,2949.208964212397
0.0,2976.627549495758
0.0,2980.721049356161
0.0,2946.270175048718
0.0,2951.446097639891
0.0,2924.8519604965695
0.0,2973.7916391379326
0.0,2966.889911795406
0.0,3050.5831620302165
0.0,2978.202315078993
0.0,2970.369914122397
0.0,3001.1648020299544
0.0,2939.7897687080717
0.0,2947.288299028096
0.0,2944.296104475476
0.0,2986.8029837448175
0.0,2972.9443017085855
0.0,2969.7497052298554
0.0,2961.7783223054835
0.0,2936.8219508198504
0.0,2915.559654517742
0.0,2904.6434279429404
0.0,2987.4846526756
0.0,2999.140317973499
0.0,2976.8502574698996
0.0,2998.0701103039537
0.0,2978.9621720153173
0.0,2945.336459756427
0.0,2983.535720209886
0.0,2914.7010682071104
0.0,2970.1661276265163
0.0,2909.6084079195416
0.0,2960.3096576231464
0.0,2979.367869282266
0.0,2973.393036122011
0.0,2891.861966067965
0.0,2962.275417560095
0.0,2957.055158709429
0.0,2979.2643860388666
0.0,2934.2069014587764
0.0,2955.169820153037
0.0,2943.6732636956203
0.0,2960.4481590713012
0.0,2997.2359303994185
0.0,2936.9108443796968
0.0,2971.3405020810947
0.0,3007.7780933449044
0.0,2966.197692681381
0.0,2970.909173594081
0.0,0.0
0.0,0.0
0.0,0.0
0.0,0.0
0.0,0.0
0.0,0.0
0.0,0.0
0.0,0.0
0.0,0.0
0.0,0.0
0.0,0.0
0.0,0.0
0.0,0.0
0.0,0.0
0.0,0.0
0.0,0.0
0.0,0.0
0.0,0.0
0.0,0.0
0.0,0.0
0.0,0.0
0.0,0.0
0.0,0.0
0.0,0.0
0.0,0.0
0.0,0.0
0.0,0.0
0.0,0.0
0.0,0.0
0.0,0.0
0.0,0.0
0.0,0.0
0.0,0.0
0.0,0.0
0.0,0.0
0.0,0.0
0.0,0.0
0.0,0.0
0.0,0.0
0.0,0.0
0.0,0.0
0.0,0.0
0.0,0.0
0.0,0.0
0.0,0.0
0.0,0.0
0.0,0.0
0.0,0.0
0.0,0.0
0.0,0.0
0.0,0.0
0.0,0.0
0.0,0.0
0.0,0.0
0.0,0.0
0.0,0.0
0.0,0.0
0.0,0.0
0.0,0.0
0.0,0.0
0.0,0.0
0.0,0.0
0.0,0.0
0.0,0.0
0.0,0.0
0.0,0.0
0.0,0.0
0.0,0.0
0.0,0.0
0.0,0.0
0.0,0.0
0.0,0.0
0.0,0.0
0.0,0.0
0.0,0.0
0.0,0.0
0.0,0.0
0.0,0.0
0.0,0.0
0.0,0.0
0.0,0.0
0.0,0.0
2227.3216553155853,3230.306948952433
1961.256347804832,3257.6529550751306
2215.484272815359,3191.2495067061723
2230.8972607179885,3235.666714679414
2086.5552858022393,3223.567446567326
2315.742742009794,3255.6608989778333
1984.4335377317286,3211.229657382837
0.0,3188.987251302336
0.0,3306.9840188442463
0.0,3260.647471460307
0.0,3197.666296931479
0.0,3209.0843549104925
0.0,3253.360268181536
0.0,3258.5480263389286
0.0,3270.2897712217696
0.0,3218.911502819401
0.0,3222.41079842955
0.0,3211.208463231964
0.0,3233.178757977408
0.0,3239.121879189483
0.0,3250.4161366324543
0.0,3141.5079861902395
0.0,3242.701859070137
0.0,3267.581334659386
0.0,3215.395406257496
0.0,3197.6571287237916
0.0,3274.8403237002813
0.0,3261.5821791949074
0.0,3233.7963518111324
0.0,3218.262600306538
0.0,3266.2144968127222
0.0,3224.8164303075805
0.0,3185.8963152215533
0.0,3262.752473275861
0.0,3239.4166642565197
0.0,3257.5500080083348
0.0,3244.2349105070803
0.0,3199.275735377241
0.0,3244.220962581826
0.0,3238.6932053378537
0.0,3206.6172772676573
0.0,3216.921155777973
0.0,3237.5030081343843
0.0,3199.98706475891
0.0,3236.4069802670588
0.0,3256.389398441674
0.0,3229.349622078592
0.0,3220.9188779429155
0.0,3279.525223345197
0.0,3222.777819259885
0.0,3230.0733363279987
0.0,3289.857021713628
0.0,3210.8907769673324
0.0,3232.6050779363386
0.0,3196.8658454009133
0.0,3279.588452287296
0.0,3236.9988359837594
0.0,3239.9590662137184
0.0,3281.1126164284756
0.0,3233.075976575547
0.0,3238.0034872271785
0.0,3256.347093135248
0.0,3263.290646543851
0.0,3253.6851554689865
0.0,3204.791573565712
0.0,3219.5244339671854
0.0,3243.313738947632
0.0,3233.7654339423
0.0,3241.7048340072683
0.0,3222.4908983197197
0.0,3252.6302969961444
0.0,3241.5215921184163
0.0,3218.5144699626658
0.0,3279.7838354327264
0.0,3265.0870940875834
0.0,3190.3964935723334
0.0,3239.1619869914293
0.0,3205.407497710207
0.0,3195.8704162933113
0.0,3157.9969071534406
0.0,3250.1999400751024
0.0,3190.728823098386
0.0,3222.712937724188
0.0,3215.957490442456
0.0,3264.726485678431
0.0,3238.1126344564636
0.0,3266.662689101531
0.0,3262.099210821451
0.0,3312.142769616379
0.0,3250.495653754285
0.0,3212.952052576522
0.0,3241.5509712223125
0.0,3196.387450746112
0.0,3228.157258831227
0.0,3233.4253880290157
0.0,3252.006833821867
0.0,3210.170095862753
0.0,3209.3499267210063
0.0,3223.4004587380255
0.0,3222.289244475473
0.0,3236.277926779989
0.0,3237.0885191656
0.0,3272.979473764902
0.0,3273.281118159411
0.0,3244.8727460647806
0.0,3178.4477818589303
0.0,3204.565193364029
0.0,3271.278939370712
0.0,3254.9410933929594
0.0,3263.114815451491
0.0,3219.2520299636503
0.0,3254.818878394208
0.0,3235.265909870536
0.0,3217.5494698965467
0.0,3238.4530534161668
0.0,3265.440114018132
0.0,3303.462572072748
0.0,3194.948017224207
0.0,3239.0302840235627
0.0,3274.3790305284538
0.0,3189.0339186724864
0.0,3262.2492425545174
0.0,3245.2978140089426
0.0,3190.7023156619084
0.0,3174.3768647651373
0.0,3225.673426797809
0.0,3187.3849732576555
0.0,3249.098458281835
0.0,3222.755793632524
0.0,3229.5121323421586
0.0,3220.3799814890135
0.0,3193.5335927812234
0.0,3201.834197872174
0.0,3222.2978247626606
0.0,3213.198602224504
0.0,3205.941467109345
0.0,3258.0070967318543
0.0,3201.0936736188405
0.0,3248.5982631585166
0.0,3225.750803283586
0.0,3203.9162794321696
0.0,3202.4412772362507
0.0,3216.6449725328034
0.0,3189.7942295290945
0.0,3241.2056736745744
0.0,3231.1738909634073
0.0,3213.513073858996
0.0,3217.9016493105764
0.0,3188.156215122875
0.0,3315.8880875901023
0.0,3246.9595426552537
0.0,3251.2056587307948
0.0,3219.524072829272
0.0,3224.96025869704
0.0,3231.743653726686
0.0,3249.61312497153
0.0,3212.0513724746215
0.0,3219.137799642812
0.0,3254.9308629141146
0.0,3231.107845373276
0.0,3300.1658700776416
0.0,3241.7471124132435
0.0,3236.5219023813743
0.0,3229.572809705668
0.0,3249.6078006417106
0.0,3228.774499931252
0.0,3260.87841949891
0.0,3245.4495639760257
0.0,3262.3120934772646
0.0,3207.5287668043593
0.0,3207.0078321306687
0.0,3250.367002855455
0.0,3246.347250613771
0.0,3238.332813538249
0.0,3203.118059171678
0.0,3273.322373287238
0.0,3208.6171395588967
0.0,3247.009750434766
0.0,3217.3071268914255
0.0,3282.0033741643156
0.0,3259.6378797309985
0.0,3247.7714773239018
0.0,3195.940755619142
0.0,3187.6935051993255
0.0,3276.298993598573
0.0,3177.046262366391
0.0,3209.968339311256
0.0,3273.798429911257
0.0,3239.8015880643875
0.0,3245.67952319245
0.0,3230.5214257971606
0.0,3213.702798683769
0.0,3195.2445617318153
0.0,3173.2139756105835
0.0,3228.5761230517505
0.0,3216.8408377440187
0.0,3276.1710632679956
0.0,3262.896175869876
0.0,3240.2652788736996
0.0,3210.9473058228878
0.0,3235.0485274376188
0.0,3149.723163096591
0.0,3204.362682457787
0.0,3256.120808897242
0.0,3254.6716541961764
0.0,3270.0394812183545
0.0,3217.204481845914
0.0,3248.632836622753
0.0,3175.7341502091504
0.0,3260.3850528933585
0.0,3192.342084157834
0.0,3296.02197636708
0.0,3233.3690118200393
0.0,3191.937505565174
0.0,3154.018282287267
0.0,3164.5252392561565
0.0,3200.5889931486226
0.0,3196.561490657917
0.0,3275.043086395175
0.0,3233.562891177816
0.0,3270.9799550690814
0.0,3267.8850097867357
0.0,3223.9552619408814
0.0,3276.583594357175
0.0,3258.6954529816285
0.0,3239.378888553572
0.0,3219.588817986875
0.0,3225.2125111603987
0.0,3243.671835183292
0.0,3236.967248093538
0.0,3285.942307022534
0.0,3260.767057981019
0.0,3244.5338081638356
0.0,3249.9740053045984
0.0,3205.327314441812
0.0,3213.758656859726
0.0,3187.5366995825843
0.0,3245.3104520310894
0.0,3225.8341328399297
0.0,3174.330429549904
0.0,3228.922468071436
0.0,3208.482623725155
0.0,3139.9609692569575
0.0,3236.0779511773353
0.0,3264.192199328988
0.0,3265.7845898551177
0.0,3227.2093018832948
0.0,3272.325421336381
0.0,3246.9978783757992
0.0,3222.390651554152
0.0,3179.1840992674684
0.0,3221.145122908673
0.0,3223.2406937116225
0.0,3292.8155665432687
0.0,3279.4301098314354
0.0,3275.9526650210214
0.0,3298.8510525901547
0.0,3250.059407960272
0.0,3275.6193001079337
0.0,3303.9766045801443
0.0,3224.7738244285924
0.0,3264.1750989486886
0.0,3242.3269140851753
0.0,3280.473228200698
0.0,3242.873848836207
0.0,3288.281358465964
0.0,3261.672015497445
0.0,3237.770762792558
0.0,3207.8621763470637
0.0,3267.8029876807896
0.0,3267.2642452711716
0.0,3243.9429254916254
0.0,3296.700060400026
0.0,3224.59024979515
0.0,3239.738163316595
0.0,3265.154703342824
0.0,3237.926757606755
0.0,3169.962947681708
0.0,3243.5337905830065
0.0,3244.4671689461065
0.0,3278.8599859255946
0.0,3262.441300629875
0.0,3206.2945085847427
0.0,3155.284370800103
0.0,3253.063275949147
0.0,3262.834729239396
0.0,3266.5962112528205
0.0,3274.9114461308804
0.0,3234.538727615292
0.0,3224.2909842915383
0.0,3232.361883432278
0.0,3295.645846526865
0.0,3216.755660372877
0.0,3174.8407841167777
0.0,3268.907050276573
0.0,3233.588770447466
0.0,3240.6215957362606
0.0,3249.7403406114054
0.0,3256.8577467060263
0.0,3185.259795497874
0.0,3252.3200990401515
0.0,3237.352024425465
0.0,3208.829039813969
0.0,3239.058404000801
0.0,3212.030419034354
0.0,3254.6025089525765
0.0,3297.557578281113
0.0,3253.8420773179364
0.0,3258.4974663796584
0.0,3252.5061529368645
0.0,3250.122186664581
0.0,3231.3894347513647
0.0,3276.4588339563893
0.0,3268.5753802695353
0.0,3238.0411757853167
0.0,3197.0747863812635
0.0,3242.6744964020913
0.0,3238.340384209739
0.0,3219.6003609797567
0.0,3270.846200168798
0.0,3169.7151436384966
0.0,3208.7208340264806
0.0,3241.434762336277
0.0,3259.4525687214045
0.0,3214.8457471967954
0.0,3177.781459307288
0.0,3200.977950840379
0.0,3245.6837433010464
0.0,3252.1441436320006
0.0,3213.8694475301827
0.0,3289.0537177059655
0.0,3294.4703879272506
0.0,3242.5613175322214
0.0,3267.9534124771053
0.0,3252.3205048678524
0.0,3248.273966612114
0.0,3225.7446948020083
0.0,3188.3810832812524
0.0,3245.8584800818294
0.0,3254.2667701866594
0.0,3275.1223685054133
0.0,3234.167735637231
0.0,3157.7054270518956
0.0,3258.930738803039
0.0,3210.802068923949
0.0,3223.769690077207
0.0,3199.8791159163757
0.0,3253.8631911540074
0.0,3279.220755100046
0.0,3259.1906674656484
0.0,3252.2533001930483
0.0,3212.184243676009
0.0,3224.792865472075
0.0,3232.6462539370605
0.0,3206.0761082501795
0.0,3242.263631198807
0.0,3262.2295664000876
0.0,3210.4618551605263
0.0,3282.49873270112
0.0,3215.0531203265373
0.0,3264.055163494686
1991.1543399512623,3259.303234943518
1837.0287705755386,3217.4746303955117
1920.6185432570082,3193.193701918739
1866.8554768352565,3198.922687400644
2181.808989580365,3234.620389876178
2267.4235287228444,3212.28972355797
2218.2538528036553,3251.459524512258
0.0,0.0
0.0,0.0
0.0,0.0
0.0,0.0
0.0,0.0
0.0,0.0
0.0,0.0
0.0,0.0
0.0,0.0
0.0,0.0
0.0,0.0
0.0,0.0
0.0,0.0
0.0,0.0
0.0,0.0
0.0,0.0
0.0,0.0
0.0,0.0
0.0,0.0
0.0,0.0
0.0,0.0
0.0,0.0
0.0,0.0
0.0,0.0
0.0,0.0
0.0,0.0
0.0,0.0
0.0,0.0
0.0,0.0
0.0,0.0
0.0,0.0
0.0,0.0
0.0,0.0
0.0,0.0
0.0,0.0
0.0,0.0
0.0,0.0
0.0,0.0
0.0,0.0
0.0,0.0
0.0,0.0
0.0,0.0
0.0,0.0
0.0,0.0
0.0,0.0
0.0,0.0
0.0,0.0
0.0,0.0
0.0,0.0
0.0,0.0
